ID,Name,Customer Type,Organization (Country)
CUST00001,"Rodriguez, Figueroa and Sanchez",Entity,Mexico
CUST00002,Doyle Ltd,Entity,United States
CUST00003,Kimberly Garza,Individual,Germany
CUST00004,Brandon Hall,Individual,Mexico
CUST00005,Kristina Baldwin,Individual,United States
CUST00006,Jennifer Cole,Individual,United States
CUST00007,Sean Blake,Individual,Germany
CUST00008,Jay Ramirez,Individual,United States
CUST00009,Phillip Garcia,Individual,Mexico
CUST00010,Ian Cooper,Individual,United States
CUST00011,Roman-Blair,Entity,Mexico
CUST00012,"Martinez, Nielsen and Miller",Entity,Mexico
CUST00013,Calderon-Montgomery,Entity,United States
CUST00014,Ray-Bush,Entity,Mexico
CUST00015,Stanley LLC,Entity,Germany
CUST00016,Dr. Sharon James,Individual,Britain
CUST00017,Roy Martin,Individual,Britain
CUST00018,Clark-Adams,Entity,Canada
CUST00019,Maria Lynch,Individual,United States
CUST00020,Nicholas Martin,Individual,France
CUST00021,William Bowman,Individual,Germany
CUST00022,Melinda Cameron,Individual,Canada
CUST00023,Perez Inc,Entity,Germany
CUST00024,Jennifer Jones,Individual,Germany
CUST00025,"Walter, Edwards and Rios",Entity,Britain
CUST00026,Thomas Ellis,Individual,United States
CUST00027,Taylor-Mcgee,Entity,United States
CUST00028,"Baker, Richards and Hurst",Entity,Canada
CUST00029,Cox-Osborn,Entity,Mexico
CUST00030,Johnny Campos,Individual,United States
CUST00031,Brittany Moore,Individual,Britain
CUST00032,"Henderson, Brown and James",Entity,United States
CUST00033,Rice-Maddox,Entity,Britain
CUST00034,Alexandra Le,Individual,United States
CUST00035,Kimberly Adams,Individual,Canada
CUST00036,Ashley Graham,Individual,Germany
CUST00037,Smith-Bowen,Entity,Canada
CUST00038,Valerie Gill,Individual,Canada
CUST00039,Ashley Garrett,Individual,Mexico
CUST00040,"Romero, Gonzalez and Brooks",Entity,United States
CUST00041,Troy Nielsen,Individual,United States
CUST00042,Linda Burns,Individual,Canada
CUST00043,Jack Galloway,Individual,United States
CUST00044,Cynthia Allen,Individual,Britain
CUST00045,Angela Dennis,Individual,Germany
CUST00046,Vanessa Patel,Individual,United States
CUST00047,Matthew Arroyo,Individual,Canada
CUST00048,Joseph Obrien,Individual,Canada
CUST00049,Tanya Campos,Individual,Canada
CUST00050,Michelle Ross,Individual,France
CUST00051,"Santos, Kim and Holmes",Entity,Mexico
CUST00052,Danny Morgan,Individual,United States
CUST00053,Crystal Robinson,Individual,Canada
CUST00054,Mark Perez,Individual,Britain
CUST00055,Shannon Jones,Individual,United States
CUST00056,Michael Lewis,Individual,Canada
CUST00057,Timothy Duncan,Individual,Mexico
CUST00058,Richard Aguirre,Individual,United States
CUST00059,Brent Jordan,Individual,Mexico
CUST00060,Jenkins-Shields,Entity,Canada
CUST00061,Nunez Ltd,Entity,United States
CUST00062,James Morgan,Individual,Britain
CUST00063,Wright and Sons,Entity,United States
CUST00064,"West, Henderson and Ramirez",Entity,Mexico
CUST00065,Thomas Ramos,Individual,Germany
CUST00066,Krista Williams,Individual,Canada
CUST00067,Dr. Tracy House DVM,Individual,Canada
CUST00068,Russell Group,Entity,Mexico
CUST00069,James Brown,Individual,United States
CUST00070,William Baker,Individual,Germany
CUST00071,Jordan Henderson,Individual,Mexico
CUST00072,Whitney Peters,Individual,Canada
CUST00073,"Tucker, Lee and Robinson",Entity,Canada
CUST00074,Noah Brown,Individual,Britain
CUST00075,Anthony Woods,Individual,Britain
CUST00076,Kim Brown,Individual,Germany
CUST00077,Sarah Jones,Individual,Canada
CUST00078,Leonard and Sons,Entity,Germany
CUST00079,Wilson-Zamora,Entity,United States
CUST00080,Kristopher Harvey,Individual,Britain
CUST00081,Kevin Mills,Individual,France
CUST00082,Christina Moran,Individual,United States
CUST00083,James Powers,Individual,Britain
CUST00084,Bryant-Hickman,Entity,United States
CUST00085,Alexandra Howell,Individual,United States
CUST00086,Ariel Medina,Individual,Germany
CUST00087,Brandi Bailey,Individual,Britain
CUST00088,Suarez LLC,Entity,Canada
CUST00089,Jeffrey Daniels,Individual,United States
CUST00090,Carr-Archer,Entity,Canada
CUST00091,Aimee Montoya,Individual,United States
CUST00092,Matthew Mcmillan,Individual,France
CUST00093,Baker Inc,Entity,Germany
CUST00094,Brittney Campbell,Individual,United States
CUST00095,Grant Watts,Individual,Germany
CUST00096,Kathy King,Individual,United States
CUST00097,Davis Group,Entity,Germany
CUST00098,Williams-Cook,Entity,Germany
CUST00099,William Martin,Individual,Canada
CUST00100,Michael Hoffman,Individual,Britain
CUST00101,Tony Vazquez,Individual,Canada
CUST00102,Andrew Wood,Individual,United States
CUST00103,"Hernandez, Anderson and Parker",Entity,Canada
CUST00104,Nolan and Sons,Entity,United States
CUST00105,"Wright, Garcia and Deleon",Entity,Germany
CUST00106,Jennifer Oliver,Individual,United States
CUST00107,Frost and Sons,Entity,United States
CUST00108,Vanessa Cochran,Individual,United States
CUST00109,Allison Doyle,Individual,United States
CUST00110,Timothy Pham,Individual,United States
CUST00111,"Cochran, Adams and Cobb",Entity,Mexico
CUST00112,Shane Garrison,Individual,United States
CUST00113,Gonzalez Group,Entity,Germany
CUST00114,Torres-Pope,Entity,Canada
CUST00115,Alexander Lee,Individual,Mexico
CUST00116,Sean Rasmussen,Individual,Mexico
CUST00117,Martin Ross,Individual,Canada
CUST00118,Ms. Teresa Wilson,Individual,Canada
CUST00119,White-Estes,Entity,Germany
CUST00120,Brian Hamilton,Individual,France
CUST00121,Emily Obrien,Individual,Canada
CUST00122,Janice Ray,Individual,Germany
CUST00123,Michael Smith,Individual,United States
CUST00124,Kimberly Ball,Individual,United States
CUST00125,"Mclaughlin, Gonzalez and Reynolds",Entity,Mexico
CUST00126,Tammie Hanson,Individual,United States
CUST00127,Belinda Mccullough,Individual,United States
CUST00128,Mary Nguyen,Individual,United States
CUST00129,"Phillips, Martinez and Fisher",Entity,United States
CUST00130,Megan Orr,Individual,France
CUST00131,Elizabeth Kelley,Individual,Canada
CUST00132,Dustin Jordan,Individual,Britain
CUST00133,"Lawson, Morris and Ramos",Entity,Mexico
CUST00134,Kayla Leon,Individual,Canada
CUST00135,Nancy Hopkins,Individual,Germany
CUST00136,Matthew Harvey,Individual,Britain
CUST00137,Trevor Young,Individual,United States
CUST00138,Robert Hernandez,Individual,Germany
CUST00139,William Carr,Individual,United States
CUST00140,Joy Mercado,Individual,United States
CUST00141,Michelle Cruz,Individual,Germany
CUST00142,Sanchez-Douglas,Entity,Germany
CUST00143,Paul Carrillo,Individual,United States
CUST00144,Osborne and Sons,Entity,Canada
CUST00145,Tyler Holmes,Individual,United States
CUST00146,David Charles,Individual,United States
CUST00147,Anderson-Marshall,Entity,Mexico
CUST00148,"Travis, Larson and Dodson",Entity,United States
CUST00149,Salazar-Ball,Entity,Britain
CUST00150,Sandra Kelley,Individual,United States
CUST00151,Natasha Wells,Individual,Mexico
CUST00152,David Walsh,Individual,Canada
CUST00153,Kelly Sims,Individual,Britain
CUST00154,Billy Mitchell,Individual,United States
CUST00155,Francisco Fernandez,Individual,Canada
CUST00156,David Benson,Individual,France
CUST00157,Amy Russell,Individual,Canada
CUST00158,Jennifer Clark,Individual,United States
CUST00159,Price-Carrillo,Entity,France
CUST00160,Alicia Gilmore,Individual,Canada
CUST00161,Karen Bender,Individual,United States
CUST00162,James Snow,Individual,Canada
CUST00163,Kimberly Navarro,Individual,Mexico
CUST00164,Stephanie Freeman,Individual,Britain
CUST00165,John Price,Individual,United States
CUST00166,Rebecca Ramsey,Individual,United States
CUST00167,Tamara Hooper,Individual,United States
CUST00168,Susan Vargas,Individual,Germany
CUST00169,Angela Patterson,Individual,Mexico
CUST00170,Catherine Green,Individual,Canada
CUST00171,Jesse Rogers,Individual,Canada
CUST00172,Ramirez-Bean,Entity,United States
CUST00173,King-Miller,Entity,Mexico
CUST00174,Joshua Cooke,Individual,United States
CUST00175,Matthew Harrington,Individual,France
CUST00176,Nicole Herring,Individual,Germany
CUST00177,Combs PLC,Entity,Mexico
CUST00178,Allen Group,Entity,Britain
CUST00179,"Wilson, Gould and Marshall",Entity,Britain
CUST00180,Wang-Jackson,Entity,Britain
CUST00181,"Stuart, Higgins and Strickland",Entity,Germany
CUST00182,Eric Lane,Individual,United States
CUST00183,Laura Odonnell,Individual,United States
CUST00184,Sanders-Espinoza,Entity,Britain
CUST00185,Michael Burton,Individual,Britain
CUST00186,Raymond Jefferson,Individual,United States
CUST00187,Barbara Riggs,Individual,Canada
CUST00188,Reed Group,Entity,Germany
CUST00189,"Wood, Hunter and Peterson",Entity,Germany
CUST00190,Short-Garcia,Entity,United States
CUST00191,Madison Poole,Individual,Mexico
CUST00192,"Hernandez, Thompson and Boyd",Entity,United States
CUST00193,Lisa Gillespie,Individual,Canada
CUST00194,Marshall-Petersen,Entity,Canada
CUST00195,Erica Sanchez,Individual,Britain
CUST00196,Diana Hayes,Individual,United States
CUST00197,Laura Barnett,Individual,United States
CUST00198,Johnson-Rosales,Entity,France
CUST00199,Freeman LLC,Entity,United States
CUST00200,Gina Beard,Individual,Mexico
CUST00201,Desiree Smith,Individual,Britain
CUST00202,Miller Ltd,Entity,United States
CUST00203,Justin Allen,Individual,Britain
CUST00204,Michael West,Individual,United States
CUST00205,Edward Sullivan,Individual,Germany
CUST00206,Matthew Wood,Individual,France
CUST00207,Hailey Barajas,Individual,United States
CUST00208,Heather Chavez,Individual,France
CUST00209,King-Martinez,Entity,France
CUST00210,Bryan Herrera,Individual,France
CUST00211,Cathy Robinson,Individual,France
CUST00212,Hill-Lawrence,Entity,Mexico
CUST00213,"Carlson, Hooper and Wall",Entity,Canada
CUST00214,Isaac Turner,Individual,United States
CUST00215,Beth Williams,Individual,Germany
CUST00216,Edgar Raymond,Individual,Canada
CUST00217,Nicole Garcia,Individual,United States
CUST00218,Andrews Group,Entity,Canada
CUST00219,Glen Sheppard,Individual,United States
CUST00220,Scott Wilson,Individual,Canada
CUST00221,John Ray,Individual,Canada
CUST00222,Brittany Shepherd,Individual,United States
CUST00223,Angela Wright,Individual,United States
CUST00224,Jennifer Carlson,Individual,Germany
CUST00225,Patricia James,Individual,United States
CUST00226,Evans-Chapman,Entity,Canada
CUST00227,Keith Brown,Individual,Mexico
CUST00228,"Garcia, Farmer and Garrett",Entity,Britain
CUST00229,Brad Allen,Individual,Germany
CUST00230,"Jones, Smith and Hayes",Entity,United States
CUST00231,Doris Hall,Individual,Germany
CUST00232,Michele Gibson,Individual,Germany
CUST00233,Tammy French,Individual,Canada
CUST00234,"Lawrence, Lara and Gonzalez",Entity,Mexico
CUST00235,Stephens Ltd,Entity,France
CUST00236,Derek Thomas,Individual,Canada
CUST00237,Ricky Larson,Individual,Canada
CUST00238,"Morse, Gonzales and Harrison",Entity,United States
CUST00239,James Nelson,Individual,Canada
CUST00240,Jessica George,Individual,United States
CUST00241,Navarro-Munoz,Entity,Germany
CUST00242,Darryl Craig,Individual,United States
CUST00243,Laurie Smith,Individual,Canada
CUST00244,Samantha Johnston,Individual,United States
CUST00245,Ruiz Ltd,Entity,United States
CUST00246,Donald Shea,Individual,Canada
CUST00247,Robert Costa,Individual,Canada
CUST00248,Bailey-Cook,Entity,Mexico
CUST00249,Shannon Rivera,Individual,Britain
CUST00250,"Simpson, Bates and Morales",Entity,Mexico
CUST00251,Amanda Miller,Individual,France
CUST00252,Brian Barton,Individual,United States
CUST00253,Samantha Smith,Individual,United States
CUST00254,"Murray, Brown and Stone",Entity,United States
CUST00255,"Avila, Garrett and Wolf",Entity,Germany
CUST00256,Joshua Pennington,Individual,Germany
CUST00257,Michael Martinez,Individual,United States
CUST00258,Lisa Allen,Individual,Canada
CUST00259,Juan Tran,Individual,United States
CUST00260,Willie Durham,Individual,Canada
CUST00261,Valentine-Holland,Entity,France
CUST00262,Timothy Carter,Individual,Germany
CUST00263,Jennifer Olson,Individual,Canada
CUST00264,Jesus Thomas,Individual,Canada
CUST00265,Weeks PLC,Entity,United States
CUST00266,"Suarez, Shields and Hill",Entity,Britain
CUST00267,Jennifer Villa,Individual,Canada
CUST00268,Samantha Campbell,Individual,France
CUST00269,Kevin Duarte,Individual,United States
CUST00270,Charles Ryan MD,Individual,Britain
CUST00271,"Hines, Bennett and Cantu",Entity,France
CUST00272,Veronica Allen,Individual,Canada
CUST00273,Hall-Rowe,Entity,United States
CUST00274,Patrick Thornton,Individual,United States
CUST00275,Hughes-Alvarado,Entity,Canada
CUST00276,Veronica Simpson,Individual,Mexico
CUST00277,Jonathan Lawrence,Individual,Mexico
CUST00278,Shelly Alexander,Individual,United States
CUST00279,"Lozano, Smith and Thomas",Entity,United States
CUST00280,Tracy Jones,Individual,United States
CUST00281,Deborah Hanson,Individual,United States
CUST00282,Bobby Murphy,Individual,United States
CUST00283,Kimberly Finley,Individual,United States
CUST00284,Stacy Freeman,Individual,United States
CUST00285,"Johnson, Jones and Welch",Entity,Britain
CUST00286,Yolanda Francis,Individual,Canada
CUST00287,Brett Schultz,Individual,Canada
CUST00288,Jill Benson,Individual,France
CUST00289,Amber Flynn,Individual,United States
CUST00290,James Thomas,Individual,United States
CUST00291,Kylie Sparks,Individual,Mexico
CUST00292,Bob Pitts,Individual,United States
CUST00293,Cynthia Durham,Individual,United States
CUST00294,Hall Ltd,Entity,Canada
CUST00295,Stevens-Estrada,Entity,United States
CUST00296,Julie Roberts,Individual,Germany
CUST00297,Angela Landry,Individual,Canada
CUST00298,Elizabeth Hayden DDS,Individual,Mexico
CUST00299,Eric Kidd,Individual,United States
CUST00300,Ashley James,Individual,Canada
CUST00301,Edward Lyons,Individual,United States
CUST00302,Ronald Foster,Individual,United States
CUST00303,Sean Osborne,Individual,United States
CUST00304,Susan Mcgee,Individual,United States
CUST00305,Stephanie Parsons,Individual,United States
CUST00306,Lawson LLC,Entity,Britain
CUST00307,Connor King,Individual,United States
CUST00308,Patricia Becker,Individual,Canada
CUST00309,Brent Burton,Individual,Canada
CUST00310,Richard Johnson,Individual,United States
CUST00311,Carlos Browning,Individual,United States
CUST00312,Jason Gonzalez,Individual,United States
CUST00313,Sherri Diaz,Individual,Mexico
CUST00314,Denise Martin,Individual,United States
CUST00315,Terry Coffey,Individual,United States
CUST00316,Francis-Morgan,Entity,Germany
CUST00317,Victor Taylor,Individual,Germany
CUST00318,Shannon Ramsey,Individual,United States
CUST00319,Coffey-Ballard,Entity,United States
CUST00320,Davis-Foster,Entity,France
CUST00321,Herrera-Gibson,Entity,Canada
CUST00322,Megan Richards,Individual,United States
CUST00323,Teresa Rodriguez,Individual,United States
CUST00324,Ruiz PLC,Entity,Canada
CUST00325,Kristina Herman,Individual,United States
CUST00326,Arthur Colon,Individual,Canada
CUST00327,Elizabeth Ortiz,Individual,Canada
CUST00328,Williams Inc,Entity,United States
CUST00329,Ferrell-Wilson,Entity,United States
CUST00330,Joshua Price,Individual,United States
CUST00331,Travis Horton,Individual,Canada
CUST00332,Laurie Barber,Individual,Britain
CUST00333,Pena-Bass,Entity,Canada
CUST00334,Teresa Ramirez,Individual,United States
CUST00335,Claudia Wallace,Individual,United States
CUST00336,Foley Inc,Entity,United States
CUST00337,Mrs. Stephanie Newman,Individual,Canada
CUST00338,Donald Donaldson,Individual,Britain
CUST00339,Samantha Davis,Individual,United States
CUST00340,May PLC,Entity,United States
CUST00341,Williams LLC,Entity,United States
CUST00342,Cameron Cunningham,Individual,Canada
CUST00343,Phillip Clark,Individual,France
CUST00344,Li and Sons,Entity,Britain
CUST00345,Charles Lester,Individual,United States
CUST00346,Ramirez and Sons,Entity,United States
CUST00347,Ms. Rebecca Rodriguez,Individual,United States
CUST00348,Bonnie Howard,Individual,Britain
CUST00349,Leah Smith,Individual,United States
CUST00350,Cameron Fisher,Individual,United States
CUST00351,Arthur West,Individual,United States
CUST00352,Kevin Hayes,Individual,United States
CUST00353,Luis Acosta,Individual,France
CUST00354,"Boyd, Ellis and Maynard",Entity,Canada
CUST00355,John Morales,Individual,United States
CUST00356,Katherine Browning,Individual,United States
CUST00357,Bobby Franklin,Individual,Canada
CUST00358,Donald Schultz,Individual,United States
CUST00359,Erika Vang,Individual,Germany
CUST00360,Jody Jacobs,Individual,United States
CUST00361,Mcguire Inc,Entity,Britain
CUST00362,Marilyn Mack,Individual,Mexico
CUST00363,"Glenn, Jordan and Beasley",Entity,United States
CUST00364,Ronald Ross,Individual,United States
CUST00365,Emily Edwards,Individual,Mexico
CUST00366,Troy Mcdaniel,Individual,United States
CUST00367,Jones-Decker,Entity,United States
CUST00368,Brent Rodgers,Individual,Canada
CUST00369,Kristie Willis,Individual,United States
CUST00370,Erin Martinez,Individual,United States
CUST00371,Maurice Christensen,Individual,Canada
CUST00372,Michelle Schmitt,Individual,Canada
CUST00373,Heather Lane,Individual,Canada
CUST00374,Moore Group,Entity,Canada
CUST00375,Brian Bruce,Individual,United States
CUST00376,Phillip Andrews,Individual,Canada
CUST00377,Bruce-Villegas,Entity,United States
CUST00378,Lisa Day,Individual,France
CUST00379,Timothy Gallegos,Individual,Canada
CUST00380,Christopher Park,Individual,United States
CUST00381,Gerald Smith,Individual,United States
CUST00382,Knight Group,Entity,Germany
CUST00383,Thomas Ltd,Entity,United States
CUST00384,Anna Moreno,Individual,France
CUST00385,Jesse Moore,Individual,United States
CUST00386,Frederick Pugh,Individual,United States
CUST00387,Sophia Moore,Individual,United States
CUST00388,Amber Miller,Individual,Canada
CUST00389,Stanley-Tucker,Entity,Canada
CUST00390,Donald Fischer,Individual,Canada
CUST00391,Jeffrey Campbell,Individual,United States
CUST00392,Katelyn Estrada,Individual,Britain
CUST00393,James Greene,Individual,France
CUST00394,Eric Clark,Individual,Germany
CUST00395,Duran LLC,Entity,United States
CUST00396,Wilson-Jimenez,Entity,Britain
CUST00397,Carl Patel,Individual,Canada
CUST00398,Justin Barnett,Individual,United States
CUST00399,Jones-Hensley,Entity,Canada
CUST00400,Albert Morse,Individual,United States
CUST00401,Laura Berry,Individual,Canada
CUST00402,"Bowman, Roberts and Sullivan",Entity,Canada
CUST00403,Jackson-Meza,Entity,Canada
CUST00404,Michael Cox,Individual,Germany
CUST00405,Richard-Sanchez,Entity,Canada
CUST00406,"Morales, Miller and Harrell",Entity,Canada
CUST00407,"Morgan, Cook and Jackson",Entity,Mexico
CUST00408,Ashley Hicks,Individual,Canada
CUST00409,Hannah Luna,Individual,Canada
CUST00410,Robin Young,Individual,United States
CUST00411,Craig Morrison,Individual,United States
CUST00412,Mary Thompson,Individual,Britain
CUST00413,"Snyder, Webster and Wolf",Entity,United States
CUST00414,Thomas Cunningham,Individual,Mexico
CUST00415,"Downs, Morris and Maddox",Entity,Canada
CUST00416,Jeremiah Harrison,Individual,Mexico
CUST00417,Rebecca Vargas,Individual,Britain
CUST00418,Benjamin Murray,Individual,France
CUST00419,Brown LLC,Entity,Germany
CUST00420,Sean Wyatt,Individual,United States
CUST00421,"Wheeler, Cruz and Carpenter",Entity,Mexico
CUST00422,"Huang, Cole and Pacheco",Entity,Britain
CUST00423,Erica Alvarez,Individual,United States
CUST00424,Rosario Group,Entity,Canada
CUST00425,Steven Cooper,Individual,Mexico
CUST00426,Kathy Thompson,Individual,Britain
CUST00427,Jeffrey Gonzales,Individual,United States
CUST00428,Caitlin Watson,Individual,Canada
CUST00429,Hughes-Schroeder,Entity,Mexico
CUST00430,Amy Mccoy,Individual,Germany
CUST00431,Jones-Davis,Entity,United States
CUST00432,"Hughes, King and York",Entity,Canada
CUST00433,Lindsey Hernandez,Individual,Canada
CUST00434,Aguilar and Sons,Entity,United States
CUST00435,Emily Douglas,Individual,Mexico
CUST00436,"Myers, Larson and Hurley",Entity,Canada
CUST00437,Hansen-Schneider,Entity,United States
CUST00438,Carl Warner,Individual,France
CUST00439,Yolanda Gaines,Individual,Germany
CUST00440,Michael Romero,Individual,United States
CUST00441,Cox and Sons,Entity,Canada
CUST00442,Gloria Miranda,Individual,United States
CUST00443,Zachary Moore,Individual,Germany
CUST00444,Richard Romero,Individual,Mexico
CUST00445,Nancy Rose,Individual,Germany
CUST00446,Sherri Williamson,Individual,United States
CUST00447,"Bennett, Martin and Guerra",Entity,United States
CUST00448,Rhonda Martin,Individual,United States
CUST00449,Jason Rhodes,Individual,United States
CUST00450,Jeremy Mitchell,Individual,Germany
CUST00451,Joann Ferguson,Individual,United States
CUST00452,Robert Harrison,Individual,Britain
CUST00453,Holly Valentine,Individual,Germany
CUST00454,Murray-Campbell,Entity,United States
CUST00455,Joseph Burch,Individual,United States
CUST00456,Solis and Sons,Entity,Canada
CUST00457,Amy Castillo,Individual,Germany
CUST00458,Spencer-Garcia,Entity,United States
CUST00459,Sarah Mitchell,Individual,United States
CUST00460,Nelson PLC,Entity,France
CUST00461,Guerra Inc,Entity,Germany
CUST00462,Courtney Hayes,Individual,United States
CUST00463,Arias-Perry,Entity,Canada
CUST00464,James Hughes,Individual,Canada
CUST00465,Brooks Inc,Entity,United States
CUST00466,Brett Espinoza,Individual,United States
CUST00467,Charles Johnson,Individual,Britain
CUST00468,Horton-Taylor,Entity,United States
CUST00469,Joan Smith,Individual,United States
CUST00470,Smith and Sons,Entity,Canada
CUST00471,Dunn Ltd,Entity,Mexico
CUST00472,Jenny Parsons,Individual,United States
CUST00473,Bryan Allen,Individual,Britain
CUST00474,Lisa Brown,Individual,France
CUST00475,Carlson-Smith,Entity,Germany
CUST00476,Dana Thomas,Individual,United States
CUST00477,Smith-Gomez,Entity,Canada
CUST00478,"Butler, Beck and Miller",Entity,United States
CUST00479,Andrea Fox,Individual,Canada
CUST00480,Virginia Spencer,Individual,Britain
CUST00481,Marks-Williams,Entity,Canada
CUST00482,James Burgess,Individual,Canada
CUST00483,Austin Allen,Individual,United States
CUST00484,"Fuller, Ingram and Moss",Entity,United States
CUST00485,Andrew Payne,Individual,United States
CUST00486,"Thompson, Maxwell and Marshall",Entity,Germany
CUST00487,Lynn Cain,Individual,United States
CUST00488,Ricardo Ellis,Individual,United States
CUST00489,Harris-Moody,Entity,France
CUST00490,Stewart LLC,Entity,Britain
CUST00491,Virginia Daniels,Individual,Mexico
CUST00492,Paul Lee,Individual,Germany
CUST00493,Richard Glenn,Individual,Canada
CUST00494,Caleb Richardson,Individual,France
CUST00495,Paul-Kline,Entity,France
CUST00496,Morgan-Lopez,Entity,France
CUST00497,Holly Salinas,Individual,Britain
CUST00498,Owen-Acosta,Entity,Mexico
CUST00499,Jordan and Sons,Entity,Britain
CUST00500,Erica Miller,Individual,United States
CUST00501,Elizabeth Morrison,Individual,Canada
CUST00502,Jackson-Wallace,Entity,United States
CUST00503,Nicholas Buck,Individual,United States
CUST00504,"Bolton, Hill and Whitney",Entity,Britain
CUST00505,Angela Walsh,Individual,Canada
CUST00506,Robert Shelton,Individual,Canada
CUST00507,Brenda Lawson,Individual,United States
CUST00508,Johnson-Jones,Entity,United States
CUST00509,Holly Reyes,Individual,Mexico
CUST00510,Lisa Shelton,Individual,United States
CUST00511,Jacqueline Hines,Individual,United States
CUST00512,Kendra Sanders,Individual,Canada
CUST00513,"Ramirez, Horne and Johnson",Entity,United States
CUST00514,Joseph Mcintyre,Individual,Mexico
CUST00515,Reginald Padilla,Individual,Canada
CUST00516,Logan Benson,Individual,United States
CUST00517,Gonzalez-Taylor,Entity,United States
CUST00518,Christopher Reeves,Individual,Britain
CUST00519,Cochran LLC,Entity,Canada
CUST00520,Michelle Pierce,Individual,United States
CUST00521,Elijah Moore,Individual,Britain
CUST00522,Melody Thompson,Individual,Britain
CUST00523,Hicks-Martinez,Entity,United States
CUST00524,Charles Tyler,Individual,United States
CUST00525,Julian Wood,Individual,United States
CUST00526,Kristen Salazar,Individual,United States
CUST00527,Eric Key,Individual,United States
CUST00528,Kelly Hammond,Individual,Germany
CUST00529,Angela Compton,Individual,Mexico
CUST00530,Joanna Frazier,Individual,United States
CUST00531,Anderson-Calderon,Entity,United States
CUST00532,"Bowman, White and Burch",Entity,Mexico
CUST00533,Thomas Brown,Individual,Germany
CUST00534,Christian Martin,Individual,United States
CUST00535,Michael Reed,Individual,Britain
CUST00536,Stephanie Singleton,Individual,Canada
CUST00537,Gonzalez-Huber,Entity,Britain
CUST00538,Martinez-Turner,Entity,Germany
CUST00539,Kathryn Jackson,Individual,United States
CUST00540,Brittany Hopkins,Individual,Mexico
CUST00541,"Winters, Morgan and Bradshaw",Entity,United States
CUST00542,Scott Miller,Individual,United States
CUST00543,Patricia Baker,Individual,United States
CUST00544,Kenneth Montgomery,Individual,Mexico
CUST00545,Stephen Gardner,Individual,Canada
CUST00546,Elizabeth Sanchez,Individual,Canada
CUST00547,Jennifer Chavez,Individual,United States
CUST00548,Brooke Perry,Individual,United States
CUST00549,Gerald Thomas,Individual,United States
CUST00550,Emma Travis,Individual,Canada
CUST00551,Hester-Anderson,Entity,United States
CUST00552,Justin Flores,Individual,France
CUST00553,Derek Wright,Individual,United States
CUST00554,Dylan Cruz,Individual,United States
CUST00555,Danielle Grimes,Individual,Mexico
CUST00556,Garrett Lane,Individual,United States
CUST00557,Phillip Jimenez,Individual,Canada
CUST00558,"Owens, Koch and Jimenez",Entity,United States
CUST00559,James Bryant,Individual,Canada
CUST00560,Kevin Williams,Individual,United States
CUST00561,Kyle Cameron,Individual,United States
CUST00562,Donna Smith,Individual,France
CUST00563,Jordan LLC,Entity,United States
CUST00564,Pamela Diaz,Individual,Canada
CUST00565,Kelly Lee,Individual,France
CUST00566,Angel Gordon,Individual,France
CUST00567,Diana Hays,Individual,United States
CUST00568,Barbara Hester,Individual,Canada
CUST00569,Brooks-Hatfield,Entity,United States
CUST00570,"Mcmillan, Fischer and Gonzalez",Entity,United States
CUST00571,Kathryn Williams,Individual,Canada
CUST00572,Gary Wells,Individual,Canada
CUST00573,Larry Robertson,Individual,France
CUST00574,Louis Martin,Individual,Canada
CUST00575,"Stevenson, Evans and Rogers",Entity,Britain
CUST00576,Kim Erickson,Individual,Britain
CUST00577,Wells-Smith,Entity,United States
CUST00578,Nunez-Whitney,Entity,Canada
CUST00579,"Parker, Roach and Wiggins",Entity,United States
CUST00580,Linda Baker,Individual,Germany
CUST00581,Valerie Lane,Individual,United States
CUST00582,Griffith PLC,Entity,Mexico
CUST00583,Mr. Nathan Hampton,Individual,United States
CUST00584,Roberto Allen,Individual,France
CUST00585,"Vaughan, Rodriguez and Smith",Entity,Britain
CUST00586,Barnes-Gutierrez,Entity,Germany
CUST00587,Jonathan Carr,Individual,Canada
CUST00588,Ryan Luna,Individual,Canada
CUST00589,"Taylor, Clark and Nguyen",Entity,Canada
CUST00590,Kelly Edwards,Individual,United States
CUST00591,Thomas Peterson,Individual,Britain
CUST00592,Raymond Le,Individual,Mexico
CUST00593,Melissa Bishop,Individual,Mexico
CUST00594,David Grant,Individual,United States
CUST00595,William Evans,Individual,France
CUST00596,Daniel Bush,Individual,United States
CUST00597,Gregory Peck,Individual,Germany
CUST00598,Denise Martinez,Individual,France
CUST00599,"Daniels, Huang and Foster",Entity,United States
CUST00600,Raymond Thomas,Individual,Canada
CUST00601,Roberts Ltd,Entity,United States
CUST00602,Thomas Douglas,Individual,United States
CUST00603,Cindy Clayton,Individual,Mexico
CUST00604,Justin Nelson,Individual,United States
CUST00605,Patrick Allen,Individual,Canada
CUST00606,Taylor Perez,Individual,United States
CUST00607,Williams Group,Entity,United States
CUST00608,John Maldonado,Individual,United States
CUST00609,Vincent Spence,Individual,United States
CUST00610,Matthew Gilmore,Individual,Canada
CUST00611,Matthew Avila,Individual,Germany
CUST00612,Dustin Brown,Individual,United States
CUST00613,Marissa Hall,Individual,Canada
CUST00614,"Sharp, Zuniga and Gentry",Entity,United States
CUST00615,Stephen Thompson,Individual,Britain
CUST00616,Yolanda Sanders,Individual,France
CUST00617,Timothy Hayden DVM,Individual,United States
CUST00618,Smith PLC,Entity,United States
CUST00619,Tanya Rogers,Individual,United States
CUST00620,Martin Warren,Individual,United States
CUST00621,Rosales Group,Entity,United States
CUST00622,Robert Rivera,Individual,Britain
CUST00623,Mariah Higgins,Individual,Canada
CUST00624,George Phillips,Individual,Canada
CUST00625,"Todd, Thompson and Chase",Entity,Canada
CUST00626,Wilcox-Robertson,Entity,United States
CUST00627,Michael Lopez,Individual,United States
CUST00628,Franklin Wright,Individual,Canada
CUST00629,David Molina,Individual,United States
CUST00630,Turner-Sharp,Entity,United States
CUST00631,Matthew Schwartz,Individual,Canada
CUST00632,Contreras Group,Entity,United States
CUST00633,Moore-Parks,Entity,Britain
CUST00634,Stacy Carrillo,Individual,United States
CUST00635,Margaret Shepard,Individual,Germany
CUST00636,Daniel Bernard,Individual,United States
CUST00637,Hernandez-Adkins,Entity,Canada
CUST00638,Jennifer Dunn,Individual,United States
CUST00639,Joshua Beck,Individual,United States
CUST00640,David Fischer,Individual,Britain
CUST00641,Angela Griffin,Individual,United States
CUST00642,Angela Elliott,Individual,Germany
CUST00643,Joshua Wagner,Individual,Canada
CUST00644,Brittany Murphy,Individual,Canada
CUST00645,Audrey Harris,Individual,Mexico
CUST00646,Ann Dixon,Individual,France
CUST00647,Jody Palmer,Individual,United States
CUST00648,Anthony Ford,Individual,United States
CUST00649,Miranda Foster,Individual,Mexico
CUST00650,Nichole Lane,Individual,France
CUST00651,Henderson Ltd,Entity,Britain
CUST00652,Zachary Michael,Individual,Britain
CUST00653,Timothy Johnson,Individual,United States
CUST00654,Randy Cannon,Individual,Canada
CUST00655,Maria Fisher,Individual,Germany
CUST00656,Janet Kane DVM,Individual,United States
CUST00657,Michael Stanley,Individual,Britain
CUST00658,Martha Bailey,Individual,United States
CUST00659,Joshua Rice,Individual,France
CUST00660,Courtney Smith,Individual,Germany
CUST00661,Edwin Nunez,Individual,United States
CUST00662,Kim Morrow,Individual,Germany
CUST00663,Murray and Sons,Entity,Canada
CUST00664,Timothy Hardy,Individual,Canada
CUST00665,Robert Barnes,Individual,France
CUST00666,Allen Inc,Entity,United States
CUST00667,Andrew Harper,Individual,Canada
CUST00668,Amber Yang,Individual,France
CUST00669,David Robinson,Individual,France
CUST00670,Amy Gordon,Individual,France
CUST00671,Robert Dennis,Individual,United States
CUST00672,Kyle Chambers,Individual,Canada
CUST00673,Eric Thomas,Individual,Germany
CUST00674,"Boyd, Gutierrez and Hill",Entity,United States
CUST00675,Leslie Moss,Individual,United States
CUST00676,Michael Peters,Individual,Canada
CUST00677,Gregory Schneider,Individual,United States
CUST00678,Joseph Horton,Individual,United States
CUST00679,Elijah White,Individual,United States
CUST00680,Daisy Perez,Individual,Canada
CUST00681,"Thomas, Ford and Brown",Entity,United States
CUST00682,Jason Moreno,Individual,United States
CUST00683,David Rivera,Individual,Germany
CUST00684,Nielsen LLC,Entity,United States
CUST00685,Nichols and Sons,Entity,Britain
CUST00686,James Jacobs,Individual,Britain
CUST00687,Russo and Sons,Entity,Britain
CUST00688,Laurie Powers,Individual,United States
CUST00689,Daniel Meadows,Individual,Britain
CUST00690,Terry Lewis,Individual,Canada
CUST00691,Patrick Burgess,Individual,Canada
CUST00692,Suzanne Dominguez,Individual,Mexico
CUST00693,"Harris, Herman and Arnold",Entity,Canada
CUST00694,Jamie Ferguson,Individual,France
CUST00695,Parker-Ward,Entity,United States
CUST00696,Owens-Lang,Entity,United States
CUST00697,"Harrison, Franco and Rocha",Entity,United States
CUST00698,Jason Hart,Individual,Canada
CUST00699,Charles Green,Individual,United States
CUST00700,Lauren Butler,Individual,United States
CUST00701,Gonzalez and Sons,Entity,Mexico
CUST00702,Roy Porter,Individual,Mexico
CUST00703,Melinda Scott,Individual,France
CUST00704,Tracy May,Individual,United States
CUST00705,Christopher Norton Jr.,Individual,Canada
CUST00706,Katherine Stark,Individual,Canada
CUST00707,Maria Brown,Individual,United States
CUST00708,Ryan Landry,Individual,Canada
CUST00709,"Williams, Smith and Taylor",Entity,United States
CUST00710,"Hall, Mann and Smith",Entity,United States
CUST00711,"Bryant, Brown and Little",Entity,France
CUST00712,Susan Hopkins,Individual,Canada
CUST00713,Joseph Jenkins,Individual,Canada
CUST00714,Moreno LLC,Entity,United States
CUST00715,Donna Shaw,Individual,United States
CUST00716,Jessica Case,Individual,United States
CUST00717,Thomas Warren,Individual,Britain
CUST00718,Manuel King,Individual,Mexico
CUST00719,Robert Miller,Individual,Mexico
CUST00720,Judy Sanchez,Individual,Germany
CUST00721,Elizabeth Clayton,Individual,Canada
CUST00722,Valdez Ltd,Entity,France
CUST00723,Anna Gray,Individual,Canada
CUST00724,Amy Smith,Individual,Mexico
CUST00725,Jonathan Hamilton,Individual,United States
CUST00726,Knight-Hodge,Entity,Canada
CUST00727,Jacobson Inc,Entity,Britain
CUST00728,Lewis Ltd,Entity,Canada
CUST00729,Karen Williams,Individual,United States
CUST00730,Timothy Lam,Individual,United States
CUST00731,"Barrett, White and Jefferson",Entity,United States
CUST00732,Daniel Thomas,Individual,Mexico
CUST00733,Samantha Hickman,Individual,Canada
CUST00734,Martin-Allen,Entity,United States
CUST00735,Jasmine Mosley,Individual,Mexico
CUST00736,Perry Taylor,Individual,France
CUST00737,Misty Mason DVM,Individual,Canada
CUST00738,Jeffrey Roberson,Individual,France
CUST00739,Randy Friedman,Individual,United States
CUST00740,Raymond Johnson,Individual,United States
CUST00741,Bowers-Hayes,Entity,Britain
CUST00742,Juan Bennett,Individual,United States
CUST00743,Kevin James,Individual,Canada
CUST00744,Elizabeth Wright,Individual,Germany
CUST00745,Derrick James,Individual,France
CUST00746,Brittany Price,Individual,United States
CUST00747,Brandon Hahn,Individual,Canada
CUST00748,Philip Garcia,Individual,Mexico
CUST00749,Jeffrey Hawkins,Individual,France
CUST00750,"Russell, Johnson and Gomez",Entity,France
CUST00751,Kyle Nguyen,Individual,Mexico
CUST00752,Edgar Hughes,Individual,Mexico
CUST00753,Hardy PLC,Entity,United States
CUST00754,Vanessa Armstrong,Individual,Britain
CUST00755,James Taylor,Individual,United States
CUST00756,Adams-Thomas,Entity,France
CUST00757,Donald Evans,Individual,Britain
CUST00758,Heather Raymond,Individual,France
CUST00759,"Weber, Wheeler and Gonzalez",Entity,France
CUST00760,Taylor Inc,Entity,Germany
CUST00761,Cook-Oliver,Entity,Mexico
CUST00762,Erin Cook,Individual,Britain
CUST00763,Shannon Mccann,Individual,Canada
CUST00764,Frank Valentine,Individual,United States
CUST00765,Mendoza and Sons,Entity,United States
CUST00766,Novak-Carter,Entity,United States
CUST00767,"Chen, Faulkner and Casey",Entity,United States
CUST00768,Douglas Hartman,Individual,United States
CUST00769,Timothy Gonzalez,Individual,Germany
CUST00770,Catherine Saunders MD,Individual,Germany
CUST00771,Terri Clark,Individual,Germany
CUST00772,Sandra Jones,Individual,United States
CUST00773,Rebecca Chambers,Individual,United States
CUST00774,Eric King,Individual,Britain
CUST00775,Jay Bennett,Individual,United States
CUST00776,Kyle Aguilar,Individual,United States
CUST00777,Tammy Kane,Individual,Mexico
CUST00778,Stephens-Gibbs,Entity,Germany
CUST00779,Steven Herrera,Individual,Germany
CUST00780,"Rocha, Rodriguez and Wright",Entity,Mexico
CUST00781,"Kelly, Holland and Williams",Entity,United States
CUST00782,Miss Jennifer Goodwin,Individual,Germany
CUST00783,Jessica Smith,Individual,Canada
CUST00784,Walker-Burgess,Entity,France
CUST00785,Melissa Walker,Individual,Germany
CUST00786,Joel Frazier,Individual,Britain
CUST00787,Brittany Cuevas,Individual,Mexico
CUST00788,Mr. Thomas Miller,Individual,France
CUST00789,Monica Bailey,Individual,United States
CUST00790,Richard Boyd,Individual,United States
CUST00791,Brent Bowen,Individual,Germany
CUST00792,Flores-Evans,Entity,Germany
CUST00793,Ashley Sweeney,Individual,United States
CUST00794,Megan Martin,Individual,Canada
CUST00795,Mrs. Carrie Moore,Individual,Germany
CUST00796,"Simmons, Murray and Salinas",Entity,Britain
CUST00797,Charlotte Sandoval,Individual,Britain
CUST00798,Omar Ware,Individual,United States
CUST00799,Jeffrey Smith,Individual,United States
CUST00800,Donald Padilla,Individual,United States
CUST00801,Laura Lloyd,Individual,United States
CUST00802,Holly Gonzalez,Individual,Mexico
CUST00803,Michael Burns,Individual,Germany
CUST00804,Emily Price,Individual,Germany
CUST00805,Matthews-Bailey,Entity,United States
CUST00806,Lisa Cervantes,Individual,Canada
CUST00807,Elizabeth Mendez,Individual,United States
CUST00808,Cesar Wilson,Individual,Canada
CUST00809,Clayton Steele,Individual,Canada
CUST00810,Jennifer Taylor,Individual,Mexico
CUST00811,Cody Reid,Individual,Canada
CUST00812,Maria Cooke,Individual,Britain
CUST00813,Katherine Taylor,Individual,United States
CUST00814,Jerry Brown,Individual,United States
CUST00815,Adam Taylor,Individual,Germany
CUST00816,Tracey Wagner,Individual,Canada
CUST00817,Michael Perry PhD,Individual,Germany
CUST00818,Bradley Johnson DDS,Individual,Britain
CUST00819,Donald Medina,Individual,United States
CUST00820,Jim Newton,Individual,Mexico
CUST00821,Krista Wilson,Individual,Germany
CUST00822,Reginald Morrow,Individual,United States
CUST00823,Weaver-Sherman,Entity,Mexico
CUST00824,"Alexander, Robinson and Coleman",Entity,Mexico
CUST00825,Martha Wright,Individual,Canada
CUST00826,Amanda Baker,Individual,Mexico
CUST00827,Angie Grimes,Individual,United States
CUST00828,Robert Clark,Individual,France
CUST00829,"Matthews, Bell and Page",Entity,Germany
CUST00830,Carol Taylor,Individual,Germany
CUST00831,Daniel Brown,Individual,United States
CUST00832,Douglas Ryan,Individual,Canada
CUST00833,Werner-Carter,Entity,France
CUST00834,Tiffany Robertson,Individual,United States
CUST00835,Robin Taylor,Individual,United States
CUST00836,Jennifer Brown,Individual,France
CUST00837,Matthew Miles,Individual,United States
CUST00838,Charles Morris,Individual,France
CUST00839,Ryan Long,Individual,France
CUST00840,Ray LLC,Entity,Canada
CUST00841,"Perry, Hayes and Schultz",Entity,United States
CUST00842,Powell Ltd,Entity,Britain
CUST00843,Timothy Wood,Individual,United States
CUST00844,Murphy-Smith,Entity,Canada
CUST00845,Morgan Simon,Individual,United States
CUST00846,Matthew Howard,Individual,United States
CUST00847,Joseph Robinson,Individual,United States
CUST00848,Daniel Adams,Individual,United States
CUST00849,Gail Lane,Individual,Canada
CUST00850,Karina Cooper,Individual,United States
CUST00851,Amber Garcia,Individual,Canada
CUST00852,Julia Martinez,Individual,Canada
CUST00853,Jessica Smith,Individual,Canada
CUST00854,Harris-Barker,Entity,United States
CUST00855,Matthew Moore,Individual,Britain
CUST00856,Denise Pena,Individual,Canada
CUST00857,Jacob Mckee,Individual,Mexico
CUST00858,James Torres,Individual,United States
CUST00859,Cynthia Rios,Individual,Germany
CUST00860,April Woods,Individual,Germany
CUST00861,Wheeler PLC,Entity,Germany
CUST00862,Alexandra Dominguez,Individual,United States
CUST00863,Mcneil Group,Entity,United States
CUST00864,Karen Perez,Individual,Germany
CUST00865,Robert Garcia,Individual,United States
CUST00866,Ibarra-Taylor,Entity,Canada
CUST00867,Nicole Anderson,Individual,United States
CUST00868,"Thomas, Moreno and Smith",Entity,Mexico
CUST00869,Jessica Bowen,Individual,Germany
CUST00870,Brittany Jenkins,Individual,United States
CUST00871,Shannon Miller,Individual,Mexico
CUST00872,Paul Lawrence,Individual,United States
CUST00873,Victor Edwards,Individual,Germany
CUST00874,Donald Miller,Individual,Britain
CUST00875,Lindsay Lawson,Individual,United States
CUST00876,Melissa Abbott,Individual,Germany
CUST00877,Elizabeth Holmes,Individual,Canada
CUST00878,Nicole Phillips,Individual,United States
CUST00879,Steven Blevins,Individual,Mexico
CUST00880,Brian Porter MD,Individual,Britain
CUST00881,Vanessa Hatfield,Individual,Germany
CUST00882,Bonnie Valencia,Individual,Canada
CUST00883,"Fisher, Payne and Thompson",Entity,Canada
CUST00884,Best-Townsend,Entity,Canada
CUST00885,Austin Baker,Individual,United States
CUST00886,Livingston Group,Entity,United States
CUST00887,"Mitchell, Marquez and Wang",Entity,Britain
CUST00888,James Davidson,Individual,United States
CUST00889,Brittany Miller,Individual,United States
CUST00890,Thomas Mccann,Individual,Germany
CUST00891,Gabriel Willis,Individual,United States
CUST00892,Marie Day,Individual,United States
CUST00893,Jeffrey Ashley,Individual,United States
CUST00894,Brown Inc,Entity,Canada
CUST00895,Wilson-Salazar,Entity,Mexico
CUST00896,Maxwell Barrett,Individual,United States
CUST00897,Adam Taylor,Individual,United States
CUST00898,Jon Reed,Individual,Mexico
CUST00899,"Logan, Le and Jackson",Entity,Canada
CUST00900,Richard Adams,Individual,France
CUST00901,Patricia Johnson,Individual,United States
CUST00902,Nelson-Brown,Entity,Britain
CUST00903,"Proctor, Burton and Crawford",Entity,Mexico
CUST00904,"Ward, Porter and Bradley",Entity,United States
CUST00905,Moore-Ayala,Entity,Germany
CUST00906,Megan Wilson,Individual,France
CUST00907,April Trevino,Individual,United States
CUST00908,Angel Cox,Individual,United States
CUST00909,Cassidy Horne,Individual,United States
CUST00910,Tran Ltd,Entity,United States
CUST00911,"Rios, Walker and Wright",Entity,Britain
CUST00912,"Flores, Mckenzie and Duncan",Entity,United States
CUST00913,Shaw Inc,Entity,United States
CUST00914,Robert Jarvis,Individual,United States
CUST00915,Andrea Marshall,Individual,United States
CUST00916,Ayala-Collins,Entity,United States
CUST00917,Jesus Wood,Individual,Britain
CUST00918,Richard Stevenson,Individual,Germany
CUST00919,Jacob Bonilla,Individual,United States
CUST00920,Dr. Morgan Payne PhD,Individual,Germany
CUST00921,Timothy Johnson,Individual,United States
CUST00922,"Reed, Franco and Wiley",Entity,United States
CUST00923,Smith-Sandoval,Entity,France
CUST00924,Monica Garcia,Individual,Germany
CUST00925,Cynthia Vasquez,Individual,Canada
CUST00926,Zachary Dawson,Individual,France
CUST00927,Thomas Merritt,Individual,Canada
CUST00928,Mercedes Watson,Individual,United States
CUST00929,Angela Davis,Individual,United States
CUST00930,Walsh Group,Entity,Germany
CUST00931,Keith Graham,Individual,United States
CUST00932,Cynthia Green,Individual,United States
CUST00933,Robert Haynes,Individual,United States
CUST00934,Emily Nelson,Individual,United States
CUST00935,Dale Chan,Individual,Germany
CUST00936,"Rodriguez, Garcia and Cole",Entity,United States
CUST00937,Russell-Herrera,Entity,France
CUST00938,Hayes Group,Entity,Canada
CUST00939,Bryan Moore,Individual,Canada
CUST00940,Samantha Terry,Individual,United States
CUST00941,Lewis LLC,Entity,United States
CUST00942,Michael Schmitt,Individual,France
CUST00943,Anthony Evans,Individual,United States
CUST00944,Carrie Crane,Individual,Britain
CUST00945,Hawkins-Pierce,Entity,Germany
CUST00946,Brian Leon,Individual,Britain
CUST00947,Antonio Norman,Individual,United States
CUST00948,Anderson Group,Entity,Mexico
CUST00949,Mark Newman,Individual,United States
CUST00950,Deanna Hess,Individual,United States
CUST00951,Austin Orr,Individual,United States
CUST00952,Carl Stein,Individual,Canada
CUST00953,Erin Williams,Individual,France
CUST00954,Williams-Glass,Entity,Canada
CUST00955,Nathaniel Crawford,Individual,Mexico
CUST00956,Jeffery Gomez,Individual,Mexico
CUST00957,Denise Griffin,Individual,United States
CUST00958,Lucas Jensen,Individual,United States
CUST00959,Kathleen Andrade,Individual,United States
CUST00960,Brandon Reyes,Individual,United States
CUST00961,Marvin Robles,Individual,United States
CUST00962,Zachary Stephens,Individual,Mexico
CUST00963,James Reeves,Individual,United States
CUST00964,Stephens-Washington,Entity,France
CUST00965,Kathryn Price,Individual,United States
CUST00966,Johnson PLC,Entity,Canada
CUST00967,Johnson LLC,Entity,Canada
CUST00968,Stokes Group,Entity,Mexico
CUST00969,Pamela Key,Individual,France
CUST00970,Ariel Sandoval,Individual,France
CUST00971,Robert Stark,Individual,United States
CUST00972,Zachary Robinson,Individual,France
CUST00973,Rebecca Kelly,Individual,Mexico
CUST00974,Thompson PLC,Entity,Germany
CUST00975,Drake-Wolfe,Entity,United States
CUST00976,Alyssa Haynes,Individual,United States
CUST00977,Kristy Hart,Individual,United States
CUST00978,William Keith,Individual,United States
CUST00979,Eric Henry Jr.,Individual,United States
CUST00980,Daniel Fox,Individual,United States
CUST00981,Thomas Harris,Individual,United States
CUST00982,Mitchell Sellers,Individual,Mexico
CUST00983,Erica Johnson,Individual,United States
CUST00984,"Bush, Thomas and Rodriguez",Entity,United States
CUST00985,"Valencia, Yu and Brooks",Entity,United States
CUST00986,Jennifer Garcia,Individual,Britain
CUST00987,Chad Moore,Individual,United States
CUST00988,Rebecca Yu,Individual,United States
CUST00989,Carrie Novak,Individual,United States
CUST00990,Tanya Buchanan,Individual,Canada
CUST00991,Kevin Thompson,Individual,Britain
CUST00992,Gross-Phillips,Entity,Canada
CUST00993,Aaron Miles,Individual,Mexico
CUST00994,Sarah Townsend,Individual,United States
CUST00995,"Johnson, Guzman and Mccall",Entity,France
CUST00996,Connie Cunningham,Individual,France
CUST00998,William Jackson,Individual,Mexico
CUST00999,Ann Fletcher,Individual,Britain
CUST01000,Stacie Griffin,Individual,Germany
CUST11997,Milan Ivanovic,Individual,United States
